[
	{
		"PlateID": 1,
		"ProfileID": 2,
		"CreatedDate": "0001-01-01T00:00:00Z",
		"StopLayers": "",
		"Path": "TEST",
		"LowQualityLayerNumber": 0,
		"AutoCenter": 0,
		"Updated": 1599007318,
		"LastPrint": 0,
		"PrintTime": 0,
		"PrintEst": 0,
		"ImageRotate": 0,
		"MaskEffect": 0,
		"XRes": 0,
		"YRes": 0,
		"ZRes": 0,
		"MultiCure": "",
		"CureTimes": [],
		"DynamicThickness": null,
		"Offset": 0,
		"OverHangs": null,
		"Risky": false,
		"IsFaulty": false,
		"FaultyLayers": null,
		"Corrupted": false,
		"TotalSolidArea": 0,
		"BlackoutData": "",
		"LayersCount": 100,
		"Processed": true,
		"MC": {
			"StartX": 0,
			"StartY": 0,
			"Width": 0,
			"Height": 0,
			"X": null,
			"Y": null,
			"Gap": 0,
			"Count": 0
		},
		"Xmin": 0,
		"Xmax": 0,
		"Ymin": 0,
		"Ymax": 0,
		"Zmin": 0,
		"Zmax": 0
	}
]