{
	"PlateID": 0,
	"LayerID": 0,
	"ShieldAxisMode": 0,
	"Plate": {
		"PlateID": 0,
		"ProfileID": 0,
		"CreatedDate": "0001-01-01T00:00:00Z",
		"StopLayers": "",
		"Path": "",
		"LowQualityLayerNumber": 0,
		"AutoCenter": 0,
		"Updated": 0,
		"LastPrint": 0,
		"PrintTime": 0,
		"PrintEst": 0,
		"ImageRotate": 0,
		"MaskEffect": 0,
		"XRes": 0,
		"YRes": 0,
		"ZRes": 0,
		"MultiCure": "",
		"CureTimes": null,
		"DynamicThickness": null,
		"Offset": 0,
		"OverHangs": null,
		"Risky": false,
		"IsFaulty": false,
		"FaultyLayers": null,
		"Corrupted": false,
		"TotalSolidArea": 0,
		"BlackoutData": "",
		"LayersCount": 0,
		"Processed": false,
		"MC": {
			"StartX": 0,
			"StartY": 0,
			"Width": 0,
			"Height": 0,
			"X": null,
			"Y": null,
			"Gap": 0,
			"Count": 0
		},
		"Xmin": 0,
		"Xmax": 0,
		"Ymin": 0,
		"Ymax": 0,
		"Zmin": 0,
		"Zmax": 0
	},
	"Profile": {
		"ProfileID": 0,
		"Title": "",
		"Desc": "",
		"ResinPrice": 0,
		"ZStepWait": 0,
		"SlowSectionHeight": 0,
		"SlowSectionStepWait": 0,
		"TopWait": 0,
		"WaitHeight": 0,
		"CureTime": 0,
		"DynamicWaitAfterLift": "",
		"DynamicCureTime": "",
		"DynamicSpeed": "",
		"DynamicLift": "",
		"Depth": 0,
		"WaitBeforePrint": 0,
		"WaitAfterPrint": 0,
		"JumpHeight": 0,
		"JumpPerLayer": 0,
		"SupportTopWait": 0,
		"SupportWaitHeight": 0,
		"SupportLayerNumber": 0,
		"SupportCureTime": 0,
		"SupportDepth": 0,
		"SupportWaitBeforePrint": 0,
		"SupportWaitAfterPrint": 0,
		"LowQualityCureTime": 0,
		"LowQualitySkipPerLayer": 0,
		"XYRes": 0,
		"YRes": 0,
		"XYResPerc": 0,
		"ZResPerc": 0,
		"SupportOffset": 0,
		"Offset": 0,
		"FillColor": "",
		"BlankColor": "",
		"ShieldBeforeLayer": "",
		"ShieldAfterLayer": "",
		"PixelDiming": 0,
		"DimAmount": 0,
		"DimWall": 0,
		"DimSkip": 0,
		"HatchingType": 0,
		"HatchingWall": 0,
		"HatchingGap": 0,
		"HatchingOuterWall": 0,
		"HatchingTopCap": 0,
		"HatchingBottomCap": 0,
		"AntiAlias": 0,
		"AntiAlias3D": 0,
		"AntiAlias3DDistance": 0,
		"AntiAlias3DMin": 0,
		"MultiCureGap": 0,
		"ImageRotate": 0,
		"IgnoreMask": 0,
		"ShieldStart": "",
		"ShieldResume": "",
		"ShieldFinish": "",
		"LaserCode": "",
		"Updated": 0
	}
}