{
	"Name": "NanoDLP D7A",
	"Lang": "",
	"Email": "",
	"Port": 80,
	"PrinterType": 0,
	"ZAxisPin": 0,
	"DirectionPin": 10,
	"ReverseDirectionPin": 0,
	"LimitPin": 18,
	"LimitPinB": 0,
	"LimitPinMode": 0,
	"LimitPinReset": 0,
	"WaitPin": 0,
	"EnablePin": 0,
	"EnablePinState": 0,
	"EnablePinMode": 0,
	"FaultPin": 0,
	"FaultPinState": 0,
	"ShutterPin": 0,
	"ShutterType": 0,
	"ShutterMode": 1,
	"ShutterOpen": 500,
	"ShutterClose": 2500,
	"ShutterOpenGcode": "M106 S255",
	"ShutterCloseGcode": "M107",
	"ShutterSignalLength": 1000,
	"FanOnGcode": "",
	"FanOffGcode": "",
	"MaxSpeed": 3000,
	"MinSpeed": 1000,
	"StartupSpeed": 50,
	"StopPositionMm": 10,
	"ResinDistanceMm": 5,
	"ZAxisHeight": 190,
	"MotorDegree": 1.8,
	"MicroStep": 8,
	"LeadscrewPitch": 8,
	"LCDType": 0,
	"LCDAdress": 39,
	"LCDPath": "/dev/i2c-1",
	"ShieldType": 1,
	"ShieldEncoding": 0,
	"ShieldI2CAddress": 0,
	"ShieldUSBAddress": "/dev/ttyACM0",
	"ShieldSpeed": 115200,
	"ShieldBootup": "M107",
	"ShieldShutdown": "G90\r\nG1 Z185 F300\r\n[[WaitForDoneMessage]]\r\nM84\r\n[[GPIOLow 36]]",
	"ShieldStart": "M107\r\nG90\r\nG28 F400 P1\r\n[[WaitForDoneMessage]]\r\nG92 Z0\r\n[[PositionSet 0]]\r\n; M17",
	"ShieldResume": "G90 ; Put positioning in absolute mode\r\nG92 Z[[CurrentPosition]] Y0 X0 ; System crashed so we need to recover current position from nanodlp and set it on RAMP\r\nG1 Z[[LayerPosition]] ; Move to layer position",
	"ShieldPause": "",
	"ShieldUnpause": "",
	"ShieldFinish": "M107\r\nG04 F1000\r\nG91\r\nG1 Z10.00 F300\r\nG90\r\n[[WaitForDoneMessage]]\r\nM84\r\n[[GPIOLow 36]]\r\n",
	"ShieldForceStop": "",
	"ShieldAxisMode": 0,
	"ShieldPositioning": 1,
	"ManualMoveGcode": "G91\r\nG1 Z[[Position]]\r\nG90",
	"TopGcode": "",
	"BottomGcode": "",
	"CalibrationGcode": "",
	"CameraFrequency": 0,
	"CameraStore": 0,
	"CameraCommand": "-w 1296 -h 972 --timeout 700 --awb sun -rot 180",
	"ShutdownPin": 0,
	"ProjectorWidth": 1440,
	"ProjectorHeight": 2560,
	"ProjectorType": 0,
	"ProjectorPowerCycle": 0,
	"ProjectorSpeed": 9600,
	"ProjectorAddress": "/dev/ttyUSB0",
	"ProjectorOn": "* 0 IR 001",
	"ProjectorOff": "* 0 IR 002",
	"ProjectorLampQuery": "",
	"ProjectorLampEffect": 0,
	"ProjectorOnSyscall": "",
	"ProjectorOffSyscall": "",
	"ProjectorWarmup": 0,
	"DisplayController": 0,
	"ImageMirror": 0,
	"LightOutputFormula": "",
	"BarrelFactor": 0,
	"BarrelX": 0,
	"BarrelY": 0,
	"FBPath": "",
	"XYRes": 46.48,
	"YRes": 46.48,
	"Mute": 0,
	"DisplayID": 0,
	"DefaultProfile": 0,
	"SpeedFormula": "",
	"RemoteSlicer": "192.168.2.10:8080",
	"PressureType": 0,
	"PressureAddress": "",
	"PressureSpeed": 0,
	"PressureRegex": "",
	"PressureDebug": false,
	"ScaleClockPin": 0,
	"ScaleDataPin": 0,
	"Theme": 4,
	"CustomValues": null,
	"AutoSlice": 0,
	"PreviewGenerate": 0,
	"PreviewWidth": 0,
	"PreviewHeight": 0,
	"USBDisplayAddress": "/dev/ttyS0"
}