[
	{
		"PlateID": 15,
		"ProfileID": 11,
		"CreatedDate": "0001-01-01T00:00:00Z",
		"StopLayers": "",
		"Path": "test_module",
		"LowQualityLayerNumber": 15,
		"AutoCenter": 0,
		"Updated": 1607664599,
		"LastPrint": 0,
		"PrintTime": 0,
		"PrintEst": 1422,
		"ImageRotate": 2,
		"MaskEffect": 0,
		"XRes": 0,
		"YRes": 0,
		"ZRes": 0,
		"MultiCure": "7,7.5,8,8.5,9,9.5",
		"CureTimes": [
			7,
			0.5,
			0.5,
			0.5,
			0.5,
			0.5
		],
		"DynamicThickness": null,
		"Offset": 0,
		"OverHangs": null,
		"Risky": false,
		"IsFaulty": false,
		"FaultyLayers": null,
		"Corrupted": true,
		"TotalSolidArea": 3.0765326,
		"BlackoutData": "",
		"LayersCount": 36,
		"Processed": true,
		"MC": {
			"StartX": 0,
			"StartY": 0,
			"Width": 0,
			"Height": 0,
			"X": null,
			"Y": null,
			"Gap": 0,
			"Count": 0
		},
		"Xmin": 0.000001,
		"Xmax": 10.0980015,
		"Ymin": 0.000001,
		"Ymax": 45.899998,
		"Zmin": 0,
		"Zmax": 1.7980001
	},
	{
		"PlateID": 13,
		"ProfileID": 11,
		"CreatedDate": "0001-01-01T00:00:00Z",
		"StopLayers": "",
		"Path": "myth2",
		"LowQualityLayerNumber": 0,
		"AutoCenter": 0,
		"Updated": 1607463244,
		"LastPrint": 1607463244,
		"PrintTime": 13806,
		"PrintEst": 13943,
		"ImageRotate": 0,
		"MaskEffect": 0,
		"XRes": 0,
		"YRes": 0,
		"ZRes": 0,
		"MultiCure": "",
		"CureTimes": [],
		"DynamicThickness": null,
		"Offset": 0,
		"OverHangs": null,
		"Risky": false,
		"IsFaulty": false,
		"FaultyLayers": null,
		"Corrupted": false,
		"TotalSolidArea": 4.229195,
		"BlackoutData": "",
		"LayersCount": 810,
		"Processed": true,
		"MC": {
			"StartX": 0,
			"StartY": 0,
			"Width": 0,
			"Height": 0,
			"X": null,
			"Y": null,
			"Gap": 0,
			"Count": 0
		},
		"Xmin": -15.948711,
		"Xmax": 15.948711,
		"Ymin": -14.240651,
		"Ymax": 14.240651,
		"Zmin": 0,
		"Zmax": 40.486034
	},
	{
		"PlateID": 12,
		"ProfileID": 11,
		"CreatedDate": "0001-01-01T00:00:00Z",
		"StopLayers": "",
		"Path": "Probe_Mount",
		"LowQualityLayerNumber": 0,
		"AutoCenter": 0,
		"Updated": 1606091936,
		"LastPrint": 1606091936,
		"PrintTime": 17063,
		"PrintEst": 0,
		"ImageRotate": 0,
		"MaskEffect": 0,
		"XRes": 0,
		"YRes": 0,
		"ZRes": 0,
		"MultiCure": "",
		"CureTimes": [],
		"DynamicThickness": null,
		"Offset": 0,
		"OverHangs": null,
		"Risky": false,
		"IsFaulty": false,
		"FaultyLayers": null,
		"Corrupted": false,
		"TotalSolidArea": 6.444242,
		"BlackoutData": "",
		"LayersCount": 1005,
		"Processed": true,
		"MC": {
			"StartX": 0,
			"StartY": 0,
			"Width": 0,
			"Height": 0,
			"X": null,
			"Y": null,
			"Gap": 0,
			"Count": 0
		},
		"Xmin": -14.443821,
		"Xmax": 14.443821,
		"Ymin": -22.648443,
		"Ymax": 22.648443,
		"Zmin": 0,
		"Zmax": 50.273758
	},
	{
		"PlateID": 11,
		"ProfileID": 11,
		"CreatedDate": "0001-01-01T00:00:00Z",
		"StopLayers": "",
		"Path": "board2",
		"LowQualityLayerNumber": 0,
		"AutoCenter": 0,
		"Updated": 1606037893,
		"LastPrint": 1606037893,
		"PrintTime": 811,
		"PrintEst": 0,
		"ImageRotate": 0,
		"MaskEffect": 0,
		"XRes": 0,
		"YRes": 0,
		"ZRes": 0,
		"MultiCure": "",
		"CureTimes": [],
		"DynamicThickness": null,
		"Offset": 0,
		"OverHangs": null,
		"Risky": false,
		"IsFaulty": false,
		"FaultyLayers": null,
		"Corrupted": false,
		"TotalSolidArea": 1.23274,
		"BlackoutData": "",
		"LayersCount": 32,
		"Processed": true,
		"MC": {
			"StartX": 0,
			"StartY": 0,
			"Width": 0,
			"Height": 0,
			"X": null,
			"Y": null,
			"Gap": 0,
			"Count": 0
		},
		"Xmin": -17.98705,
		"Xmax": 17.98705,
		"Ymin": -15.867351,
		"Ymax": 15.867351,
		"Zmin": 0,
		"Zmax": 1.599998
	},
	{
		"PlateID": 10,
		"ProfileID": 11,
		"CreatedDate": "0001-01-01T00:00:00Z",
		"StopLayers": "",
		"Path": "board",
		"LowQualityLayerNumber": 0,
		"AutoCenter": 0,
		"Updated": 1606031405,
		"LastPrint": 1606033786,
		"PrintTime": 0,
		"PrintEst": 0,
		"ImageRotate": 0,
		"MaskEffect": 0,
		"XRes": 0,
		"YRes": 0,
		"ZRes": 0,
		"MultiCure": "",
		"CureTimes": [],
		"DynamicThickness": null,
		"Offset": 0,
		"OverHangs": null,
		"Risky": false,
		"IsFaulty": false,
		"FaultyLayers": null,
		"Corrupted": false,
		"TotalSolidArea": 0.61637,
		"BlackoutData": "",
		"LayersCount": 32,
		"Processed": true,
		"MC": {
			"StartX": 0,
			"StartY": 0,
			"Width": 0,
			"Height": 0,
			"X": null,
			"Y": null,
			"Gap": 0,
			"Count": 0
		},
		"Xmin": -7.5,
		"Xmax": 7.5,
		"Ymin": -15.85,
		"Ymax": 15.85,
		"Zmin": 0,
		"Zmax": 1.599998
	},
	{
		"PlateID": 9,
		"ProfileID": 6,
		"CreatedDate": "0001-01-01T00:00:00Z",
		"StopLayers": "",
		"Path": "MagSwitch_Cooler_Probe",
		"LowQualityLayerNumber": 0,
		"AutoCenter": 0,
		"Updated": 1605636307,
		"LastPrint": 1605636307,
		"PrintTime": 8441,
		"PrintEst": 0,
		"ImageRotate": 0,
		"MaskEffect": 0,
		"XRes": 0,
		"YRes": 0,
		"ZRes": 0,
		"MultiCure": "",
		"CureTimes": [],
		"DynamicThickness": null,
		"Offset": 0,
		"OverHangs": [
			263
		],
		"Risky": true,
		"IsFaulty": false,
		"FaultyLayers": null,
		"Corrupted": false,
		"TotalSolidArea": 1.7524896,
		"BlackoutData": "",
		"LayersCount": 571,
		"Processed": true,
		"MC": {
			"StartX": 0,
			"StartY": 0,
			"Width": 0,
			"Height": 0,
			"X": null,
			"Y": null,
			"Gap": 0,
			"Count": 0
		},
		"Xmin": 0.0007800893,
		"Xmax": 18.00078,
		"Ymin": 3.2510405,
		"Ymax": 16.750645,
		"Zmin": 0,
		"Zmax": 20.000256
	},
	{
		"PlateID": 8,
		"ProfileID": 8,
		"CreatedDate": "0001-01-01T00:00:00Z",
		"StopLayers": "",
		"Path": "chitu_elephant_free",
		"LowQualityLayerNumber": 0,
		"AutoCenter": 0,
		"Updated": 1570526164,
		"LastPrint": 0,
		"PrintTime": 12730,
		"PrintEst": 0,
		"ImageRotate": 0,
		"MaskEffect": 0,
		"XRes": 0,
		"YRes": 0,
		"ZRes": 0,
		"MultiCure": "",
		"CureTimes": null,
		"DynamicThickness": null,
		"Offset": 0,
		"OverHangs": null,
		"Risky": false,
		"IsFaulty": false,
		"FaultyLayers": null,
		"Corrupted": false,
		"TotalSolidArea": 10.024203,
		"BlackoutData": "",
		"LayersCount": 853,
		"Processed": true,
		"MC": {
			"StartX": 0,
			"StartY": 0,
			"Width": 0,
			"Height": 0,
			"X": null,
			"Y": null,
			"Gap": 0,
			"Count": 0
		},
		"Xmin": -31.602642,
		"Xmax": 31.805683,
		"Ymin": -16.01981,
		"Ymax": 15.643641,
		"Zmin": 0,
		"Zmax": 42.668045
	},
	{
		"PlateID": 7,
		"ProfileID": 8,
		"CreatedDate": "0001-01-01T00:00:00Z",
		"StopLayers": "",
		"Path": "SLA Resolution test",
		"LowQualityLayerNumber": 0,
		"AutoCenter": 0,
		"Updated": 1570513472,
		"LastPrint": 0,
		"PrintTime": 5253,
		"PrintEst": 0,
		"ImageRotate": 0,
		"MaskEffect": 0,
		"XRes": 0,
		"YRes": 0,
		"ZRes": 0,
		"MultiCure": "",
		"CureTimes": null,
		"DynamicThickness": null,
		"Offset": 0,
		"OverHangs": [
			50,
			51,
			85,
			294
		],
		"Risky": true,
		"IsFaulty": false,
		"FaultyLayers": null,
		"Corrupted": false,
		"TotalSolidArea": 3.7635484,
		"BlackoutData": "",
		"LayersCount": 340,
		"Processed": true,
		"MC": {
			"StartX": 0,
			"StartY": 0,
			"Width": 0,
			"Height": 0,
			"X": null,
			"Y": null,
			"Gap": 0,
			"Count": 0
		},
		"Xmin": -19.99858,
		"Xmax": 19.99858,
		"Ymin": -29.020771,
		"Ymax": 29.020771,
		"Zmin": 0,
		"Zmax": 17.012085
	},
	{
		"PlateID": 0,
		"ProfileID": 8,
		"CreatedDate": "0001-01-01T00:00:00Z",
		"StopLayers": "",
		"Path": "Auto Calibration Plate",
		"LowQualityLayerNumber": 0,
		"AutoCenter": 0,
		"Updated": 1570600944,
		"LastPrint": 0,
		"PrintTime": 0,
		"PrintEst": 872,
		"ImageRotate": 0,
		"MaskEffect": 0,
		"XRes": 0,
		"YRes": 0,
		"ZRes": 0,
		"MultiCure": "",
		"CureTimes": null,
		"DynamicThickness": null,
		"Offset": 0,
		"OverHangs": null,
		"Risky": false,
		"IsFaulty": false,
		"FaultyLayers": null,
		"Corrupted": false,
		"TotalSolidArea": 0,
		"BlackoutData": "",
		"LayersCount": 6,
		"Processed": true,
		"MC": {
			"StartX": 0,
			"StartY": 0,
			"Width": 0,
			"Height": 0,
			"X": null,
			"Y": null,
			"Gap": 0,
			"Count": 0
		},
		"Xmin": 0,
		"Xmax": 0,
		"Ymin": 0,
		"Ymax": 0,
		"Zmin": 0,
		"Zmax": 0
	}
]