[
	{
		"ProfileID": 1,
		"Title": "MCAST + Sylgard / 65micron",
		"Desc": "",
		"ResinPrice": 0,
		"ZStepWait": 600,
		"SlowSectionHeight": 3,
		"SlowSectionStepWait": 25,
		"TopWait": 0.1,
		"WaitHeight": 0.2,
		"CureTime": 3.9,
		"DynamicWaitAfterLift": "",
		"DynamicCureTime": "",
		"DynamicSpeed": "",
		"DynamicLift": "",
		"Depth": 30,
		"WaitBeforePrint": 0.1,
		"WaitAfterPrint": 0.01,
		"JumpHeight": 0.15,
		"JumpPerLayer": 7,
		"SupportTopWait": 0.2,
		"SupportWaitHeight": 1,
		"SupportLayerNumber": 3,
		"SupportCureTime": 18,
		"SupportDepth": 60,
		"SupportWaitBeforePrint": 12,
		"SupportWaitAfterPrint": 3,
		"LowQualityCureTime": 12.6,
		"LowQualitySkipPerLayer": 0,
		"XYRes": 65,
		"YRes": 0,
		"XYResPerc": 0,
		"ZResPerc": 0,
		"SupportOffset": 0,
		"Offset": 0,
		"FillColor": "",
		"BlankColor": "",
		"ShieldBeforeLayer": "",
		"ShieldAfterLayer": "",
		"PixelDiming": 0,
		"DimAmount": 0,
		"DimWall": 0,
		"DimSkip": 0,
		"HatchingType": 0,
		"HatchingWall": 0,
		"HatchingGap": 0,
		"HatchingOuterWall": 0,
		"HatchingTopCap": 0,
		"HatchingBottomCap": 0,
		"AntiAlias": 0,
		"AntiAlias3D": 0,
		"AntiAlias3DDistance": 0,
		"AntiAlias3DMin": 0,
		"MultiCureGap": 0,
		"ImageRotate": 0,
		"IgnoreMask": 0,
		"ShieldStart": "",
		"ShieldResume": "",
		"ShieldFinish": "",
		"LaserCode": "",
		"Updated": 0
	},
	{
		"ProfileID": 2,
		"Title": "MCAST + Sylgard / 80micron",
		"Desc": "",
		"ResinPrice": 0,
		"ZStepWait": 600,
		"SlowSectionHeight": 3,
		"SlowSectionStepWait": 25,
		"TopWait": 0.1,
		"WaitHeight": 0.2,
		"CureTime": 4.8,
		"DynamicWaitAfterLift": "",
		"DynamicCureTime": "",
		"DynamicSpeed": "",
		"DynamicLift": "",
		"Depth": 30,
		"WaitBeforePrint": 0.1,
		"WaitAfterPrint": 0.01,
		"JumpHeight": 0.15,
		"JumpPerLayer": 7,
		"SupportTopWait": 0.2,
		"SupportWaitHeight": 1,
		"SupportLayerNumber": 3,
		"SupportCureTime": 20,
		"SupportDepth": 60,
		"SupportWaitBeforePrint": 12,
		"SupportWaitAfterPrint": 3,
		"LowQualityCureTime": 12.6,
		"LowQualitySkipPerLayer": 0,
		"XYRes": 80,
		"YRes": 0,
		"XYResPerc": 0,
		"ZResPerc": 0,
		"SupportOffset": 0,
		"Offset": 0,
		"FillColor": "",
		"BlankColor": "",
		"ShieldBeforeLayer": "",
		"ShieldAfterLayer": "",
		"PixelDiming": 0,
		"DimAmount": 0,
		"DimWall": 0,
		"DimSkip": 0,
		"HatchingType": 0,
		"HatchingWall": 0,
		"HatchingGap": 0,
		"HatchingOuterWall": 0,
		"HatchingTopCap": 0,
		"HatchingBottomCap": 0,
		"AntiAlias": 0,
		"AntiAlias3D": 0,
		"AntiAlias3DDistance": 0,
		"AntiAlias3DMin": 0,
		"MultiCureGap": 0,
		"ImageRotate": 0,
		"IgnoreMask": 0,
		"ShieldStart": "",
		"ShieldResume": "",
		"ShieldFinish": "",
		"LaserCode": "",
		"Updated": 0
	},
	{
		"ProfileID": 3,
		"Title": "FTD IB Clear / 100micron",
		"Desc": "100 micron layers clear resin. This profile has been modified to work with the latest D7 firmware 1.0.2dev",
		"ResinPrice": 0,
		"ZStepWait": 250,
		"SlowSectionHeight": 2,
		"SlowSectionStepWait": 150,
		"TopWait": 1.9,
		"WaitHeight": 3,
		"CureTime": 8,
		"DynamicWaitAfterLift": "",
		"DynamicCureTime": "",
		"DynamicSpeed": "",
		"DynamicLift": "",
		"Depth": 100,
		"WaitBeforePrint": 1.5,
		"WaitAfterPrint": 0.01,
		"JumpHeight": 0,
		"JumpPerLayer": 0,
		"SupportTopWait": 3.5,
		"SupportWaitHeight": 3.5,
		"SupportLayerNumber": 4,
		"SupportCureTime": 60,
		"SupportDepth": 100,
		"SupportWaitBeforePrint": 12,
		"SupportWaitAfterPrint": 3,
		"LowQualityCureTime": 12.6,
		"LowQualitySkipPerLayer": 0,
		"XYRes": 0,
		"YRes": 0,
		"XYResPerc": 0,
		"ZResPerc": 0,
		"SupportOffset": 0,
		"Offset": 0,
		"FillColor": "",
		"BlankColor": "",
		"ShieldBeforeLayer": "G1 Z[[LayerPosition]] F[[ZSpeed]] P1 ; Move to layer position\r\n[[WaitForDoneMessage]]\r\n[[PositionSet [[LayerPosition]]]]",
		"ShieldAfterLayer": "G1 Z{[[LayerPosition]]+[[ZLiftDistance]]} F{[[ZSpeed]]/5} P1 ; Lift to wait position\r\n[[WaitForDoneMessage]]\r\n[[PositionSet [[LayerPosition]]]]",
		"PixelDiming": 0,
		"DimAmount": 0,
		"DimWall": 0,
		"DimSkip": 0,
		"HatchingType": 0,
		"HatchingWall": 0,
		"HatchingGap": 0,
		"HatchingOuterWall": 0,
		"HatchingTopCap": 0,
		"HatchingBottomCap": 0,
		"AntiAlias": 0,
		"AntiAlias3D": 0,
		"AntiAlias3DDistance": 0,
		"AntiAlias3DMin": 0,
		"MultiCureGap": 0,
		"ImageRotate": 0,
		"IgnoreMask": 0,
		"ShieldStart": "",
		"ShieldResume": "",
		"ShieldFinish": "",
		"LaserCode": "",
		"Updated": 1569180869
	},
	{
		"ProfileID": 4,
		"Title": "00 Wanhao Red 50",
		"Desc": "50 micron layers clear resin. This profile has been modified to work with the latest D7 firmware 1.0.2dev. Added dimming and slow section",
		"ResinPrice": 0,
		"ZStepWait": 1330,
		"SlowSectionHeight": 0.25,
		"SlowSectionStepWait": 416,
		"TopWait": 0,
		"WaitHeight": 6,
		"CureTime": 8,
		"DynamicWaitAfterLift": "",
		"DynamicCureTime": "",
		"DynamicSpeed": "",
		"DynamicLift": "",
		"Depth": 50,
		"WaitBeforePrint": 0,
		"WaitAfterPrint": 0,
		"JumpHeight": 0,
		"JumpPerLayer": 0,
		"SupportTopWait": 1,
		"SupportWaitHeight": 6,
		"SupportLayerNumber": 5,
		"SupportCureTime": 50,
		"SupportDepth": 50,
		"SupportWaitBeforePrint": 3,
		"SupportWaitAfterPrint": 1,
		"LowQualityCureTime": 12.6,
		"LowQualitySkipPerLayer": 0,
		"XYRes": 0,
		"YRes": 0,
		"XYResPerc": 0,
		"ZResPerc": 0,
		"SupportOffset": 0,
		"Offset": 0,
		"FillColor": "#ffffff",
		"BlankColor": "#000000",
		"ShieldBeforeLayer": "G1 Z[[LayerPosition]] F[[ZSpeed]] P1 ; Move to layer position\r\n[[WaitForDoneMessage]]\r\n[[PositionSet [[LayerPosition]]]]",
		"ShieldAfterLayer": "G1 Z{[[LayerPosition]]+[[ZLiftDistance]]} F{[[ZSpeed]]/5} P1 ; Lift to wait position\r\n[[WaitForDoneMessage]]\r\n[[PositionSet [[LayerPosition]]]]",
		"PixelDiming": 1,
		"DimAmount": 20,
		"DimWall": 3,
		"DimSkip": 40,
		"HatchingType": 0,
		"HatchingWall": 0,
		"HatchingGap": 0,
		"HatchingOuterWall": 0,
		"HatchingTopCap": 0,
		"HatchingBottomCap": 0,
		"AntiAlias": 0,
		"AntiAlias3D": 0,
		"AntiAlias3DDistance": 0,
		"AntiAlias3DMin": 0,
		"MultiCureGap": 0,
		"ImageRotate": 0,
		"IgnoreMask": 0,
		"ShieldStart": "",
		"ShieldResume": "",
		"ShieldFinish": "",
		"LaserCode": "",
		"Updated": 1570329879
	},
	{
		"ProfileID": 5,
		"Title": "00 Wanhao Red 35",
		"Desc": "50 micron layers clear resin. This profile has been modified to work with the latest D7 firmware 1.0.2dev",
		"ResinPrice": 0,
		"ZStepWait": 250,
		"SlowSectionHeight": 1.75,
		"SlowSectionStepWait": 150,
		"TopWait": 0,
		"WaitHeight": 6,
		"CureTime": 5,
		"DynamicWaitAfterLift": "",
		"DynamicCureTime": "",
		"DynamicSpeed": "",
		"DynamicLift": "",
		"Depth": 35,
		"WaitBeforePrint": 0,
		"WaitAfterPrint": 0,
		"JumpHeight": 0,
		"JumpPerLayer": 0,
		"SupportTopWait": 1,
		"SupportWaitHeight": 6,
		"SupportLayerNumber": 5,
		"SupportCureTime": 25,
		"SupportDepth": 35,
		"SupportWaitBeforePrint": 3,
		"SupportWaitAfterPrint": 1,
		"LowQualityCureTime": 12.6,
		"LowQualitySkipPerLayer": 0,
		"XYRes": 0,
		"YRes": 0,
		"XYResPerc": 0,
		"ZResPerc": 0,
		"SupportOffset": 0,
		"Offset": 0,
		"FillColor": "#ffffff",
		"BlankColor": "#000000",
		"ShieldBeforeLayer": "G1 Z[[LayerPosition]] F[[ZSpeed]] P1 ; Move to layer position\r\n[[WaitForDoneMessage]]\r\n[[PositionSet [[LayerPosition]]]]",
		"ShieldAfterLayer": "G1 Z{[[LayerPosition]]+[[ZLiftDistance]]} F{[[ZSpeed]]/5} P1 ; Lift to wait position\r\n[[WaitForDoneMessage]]\r\n[[PositionSet [[LayerPosition]]]]",
		"PixelDiming": 0,
		"DimAmount": 0,
		"DimWall": 0,
		"DimSkip": 0,
		"HatchingType": 0,
		"HatchingWall": 0,
		"HatchingGap": 0,
		"HatchingOuterWall": 0,
		"HatchingTopCap": 0,
		"HatchingBottomCap": 0,
		"AntiAlias": 0,
		"AntiAlias3D": 0,
		"AntiAlias3DDistance": 0,
		"AntiAlias3DMin": 0,
		"MultiCureGap": 0,
		"ImageRotate": 0,
		"IgnoreMask": 0,
		"ShieldStart": "",
		"ShieldResume": "",
		"ShieldFinish": "",
		"LaserCode": "",
		"Updated": 1569425506
	},
	{
		"ProfileID": 6,
		"Title": "00 AA Dimming Wanhao Red 35",
		"Desc": "50 micron layers clear resin. This profile has been modified to work with the latest D7 firmware 1.0.2dev",
		"ResinPrice": 0,
		"ZStepWait": 250,
		"SlowSectionHeight": 1.75,
		"SlowSectionStepWait": 150,
		"TopWait": 0,
		"WaitHeight": 6,
		"CureTime": 5,
		"DynamicWaitAfterLift": "",
		"DynamicCureTime": "",
		"DynamicSpeed": "",
		"DynamicLift": "",
		"Depth": 35,
		"WaitBeforePrint": 0,
		"WaitAfterPrint": 0,
		"JumpHeight": 0,
		"JumpPerLayer": 0,
		"SupportTopWait": 1,
		"SupportWaitHeight": 6,
		"SupportLayerNumber": 5,
		"SupportCureTime": 25,
		"SupportDepth": 35,
		"SupportWaitBeforePrint": 3,
		"SupportWaitAfterPrint": 1,
		"LowQualityCureTime": 12.6,
		"LowQualitySkipPerLayer": 0,
		"XYRes": 0,
		"YRes": 0,
		"XYResPerc": 0,
		"ZResPerc": 0,
		"SupportOffset": 0,
		"Offset": 0,
		"FillColor": "#ffffff",
		"BlankColor": "#000000",
		"ShieldBeforeLayer": "G1 Z[[LayerPosition]] F[[ZSpeed]] P1 ; Move to layer position\r\n[[WaitForDoneMessage]]\r\n[[PositionSet [[LayerPosition]]]]",
		"ShieldAfterLayer": "G1 Z{[[LayerPosition]]+[[ZLiftDistance]]} F{[[ZSpeed]]/5} P1 ; Lift to wait position\r\n[[WaitForDoneMessage]]\r\n[[PositionSet [[LayerPosition]]]]",
		"PixelDiming": 1,
		"DimAmount": 50,
		"DimWall": 10,
		"DimSkip": 10,
		"HatchingType": 0,
		"HatchingWall": 0,
		"HatchingGap": 0,
		"HatchingOuterWall": 0,
		"HatchingTopCap": 0,
		"HatchingBottomCap": 0,
		"AntiAlias": 0,
		"AntiAlias3D": 0,
		"AntiAlias3DDistance": 0,
		"AntiAlias3DMin": 0,
		"MultiCureGap": 0,
		"ImageRotate": 0,
		"IgnoreMask": 0,
		"ShieldStart": "",
		"ShieldResume": "",
		"ShieldFinish": "",
		"LaserCode": "",
		"Updated": 1569425914
	},
	{
		"ProfileID": 7,
		"Title": "00 Wanhao Red 100",
		"Desc": "50 micron layers clear resin. This profile has been modified to work with the latest D7 firmware 1.0.2dev",
		"ResinPrice": 0,
		"ZStepWait": 250,
		"SlowSectionHeight": 0.5,
		"SlowSectionStepWait": 667,
		"TopWait": 0,
		"WaitHeight": 6,
		"CureTime": 16,
		"DynamicWaitAfterLift": "",
		"DynamicCureTime": "",
		"DynamicSpeed": "",
		"DynamicLift": "",
		"Depth": 100,
		"WaitBeforePrint": 0,
		"WaitAfterPrint": 0,
		"JumpHeight": 0,
		"JumpPerLayer": 0,
		"SupportTopWait": 1,
		"SupportWaitHeight": 6,
		"SupportLayerNumber": 5,
		"SupportCureTime": 80,
		"SupportDepth": 100,
		"SupportWaitBeforePrint": 3,
		"SupportWaitAfterPrint": 1,
		"LowQualityCureTime": 12.6,
		"LowQualitySkipPerLayer": 0,
		"XYRes": 0,
		"YRes": 0,
		"XYResPerc": 0,
		"ZResPerc": 0,
		"SupportOffset": 0,
		"Offset": 0,
		"FillColor": "#ffffff",
		"BlankColor": "#000000",
		"ShieldBeforeLayer": "G1 Z[[LayerPosition]] F[[ZSpeed]] P1 ; Move to layer position\r\n[[WaitForDoneMessage]]\r\n[[PositionSet [[LayerPosition]]]]",
		"ShieldAfterLayer": "G1 Z{[[LayerPosition]]+[[ZLiftDistance]]} F{[[ZSpeed]]/5} P1 ; Lift to wait position\r\n[[WaitForDoneMessage]]\r\n[[PositionSet [[LayerPosition]]]]",
		"PixelDiming": 0,
		"DimAmount": 0,
		"DimWall": 0,
		"DimSkip": 0,
		"HatchingType": 0,
		"HatchingWall": 0,
		"HatchingGap": 0,
		"HatchingOuterWall": 0,
		"HatchingTopCap": 0,
		"HatchingBottomCap": 0,
		"AntiAlias": 0,
		"AntiAlias3D": 0,
		"AntiAlias3DDistance": 0,
		"AntiAlias3DMin": 0,
		"MultiCureGap": 0,
		"ImageRotate": 0,
		"IgnoreMask": 0,
		"ShieldStart": "",
		"ShieldResume": "",
		"ShieldFinish": "",
		"LaserCode": "",
		"Updated": 1569560460
	},
	{
		"ProfileID": 8,
		"Title": "01 FAST Siraya Tech",
		"Desc": "50 micron layers GRAY resin. Based off of the Wanhao 00 RED 50 . This profile has been modified to work with the latest D7 firmware 1.0.2dev. Added dimming and slow section",
		"ResinPrice": 0,
		"ZStepWait": 1330,
		"SlowSectionHeight": 0.25,
		"SlowSectionStepWait": 416,
		"TopWait": 1,
		"WaitHeight": 6,
		"CureTime": 8,
		"DynamicWaitAfterLift": "",
		"DynamicCureTime": "",
		"DynamicSpeed": "",
		"DynamicLift": "",
		"Depth": 50,
		"WaitBeforePrint": 1,
		"WaitAfterPrint": 1,
		"JumpHeight": 0,
		"JumpPerLayer": 0,
		"SupportTopWait": 1,
		"SupportWaitHeight": 6,
		"SupportLayerNumber": 5,
		"SupportCureTime": 60,
		"SupportDepth": 50,
		"SupportWaitBeforePrint": 3,
		"SupportWaitAfterPrint": 1,
		"LowQualityCureTime": 12.6,
		"LowQualitySkipPerLayer": 0,
		"XYRes": 0,
		"YRes": 0,
		"XYResPerc": 0,
		"ZResPerc": 0,
		"SupportOffset": 0,
		"Offset": 0,
		"FillColor": "#ffffff",
		"BlankColor": "#000000",
		"ShieldBeforeLayer": "G1 Z[[LayerPosition]] F[[ZSpeed]] P1 ; Move to layer position\r\n[[WaitForDoneMessage]]\r\n[[PositionSet [[LayerPosition]]]]",
		"ShieldAfterLayer": "G1 Z{[[LayerPosition]]+[[ZLiftDistance]]} F{[[ZSpeed]]/5} P1 ; Lift to wait position\r\n[[WaitForDoneMessage]]\r\n[[PositionSet [[LayerPosition]]]]",
		"PixelDiming": 1,
		"DimAmount": 20,
		"DimWall": 3,
		"DimSkip": 40,
		"HatchingType": 0,
		"HatchingWall": 0,
		"HatchingGap": 0,
		"HatchingOuterWall": 0,
		"HatchingTopCap": 0,
		"HatchingBottomCap": 0,
		"AntiAlias": 0,
		"AntiAlias3D": 0,
		"AntiAlias3DDistance": 0,
		"AntiAlias3DMin": 0,
		"MultiCureGap": 0,
		"ImageRotate": 0,
		"IgnoreMask": 0,
		"ShieldStart": "",
		"ShieldResume": "",
		"ShieldFinish": "",
		"LaserCode": "",
		"Updated": 1570511093
	},
	{
		"ProfileID": 9,
		"Title": "",
		"Desc": "",
		"ResinPrice": 0,
		"ZStepWait": 0,
		"SlowSectionHeight": 0,
		"SlowSectionStepWait": 0,
		"TopWait": 0,
		"WaitHeight": 0,
		"CureTime": 0,
		"DynamicWaitAfterLift": "",
		"DynamicCureTime": "",
		"DynamicSpeed": "",
		"DynamicLift": "",
		"Depth": 0,
		"WaitBeforePrint": 0,
		"WaitAfterPrint": 0,
		"JumpHeight": 0,
		"JumpPerLayer": 0,
		"SupportTopWait": 0,
		"SupportWaitHeight": 0,
		"SupportLayerNumber": 0,
		"SupportCureTime": 0,
		"SupportDepth": 0,
		"SupportWaitBeforePrint": 0,
		"SupportWaitAfterPrint": 0,
		"LowQualityCureTime": 0,
		"LowQualitySkipPerLayer": 0,
		"XYRes": 47.07,
		"YRes": 47.07,
		"XYResPerc": 0,
		"ZResPerc": 0,
		"SupportOffset": 0,
		"Offset": 0,
		"FillColor": "",
		"BlankColor": "",
		"ShieldBeforeLayer": "",
		"ShieldAfterLayer": "",
		"PixelDiming": 0,
		"DimAmount": 0,
		"DimWall": 0,
		"DimSkip": 0,
		"HatchingType": 0,
		"HatchingWall": 0,
		"HatchingGap": 0,
		"HatchingOuterWall": 0,
		"HatchingTopCap": 0,
		"HatchingBottomCap": 0,
		"AntiAlias": 0,
		"AntiAlias3D": 0,
		"AntiAlias3DDistance": 0,
		"AntiAlias3DMin": 0,
		"MultiCureGap": 0,
		"ImageRotate": 0,
		"IgnoreMask": 0,
		"ShieldStart": "M107\r\nG90\r\nG28 F400 P1\r\n[[WaitForDoneMessage]]\r\nG92 Z0\r\n[[PositionSet 0]]\r\n; M17",
		"ShieldResume": "G90 ; Put positioning in absolute mode\r\nG92 Z[[CurrentPosition]] Y0 X0 ; System crashed so we need to recover current position from nanodlp and set it on RAMP\r\nG1 Z[[LayerPosition]] ; Move to layer position",
		"ShieldFinish": "M107\r\nG04 F30000\r\nG90\r\nG1 Z185 F300\r\nM84",
		"LaserCode": "",
		"Updated": 1605425223
	},
	{
		"ProfileID": 10,
		"Title": "",
		"Desc": "",
		"ResinPrice": 0,
		"ZStepWait": 0,
		"SlowSectionHeight": 0,
		"SlowSectionStepWait": 0,
		"TopWait": 0,
		"WaitHeight": 0,
		"CureTime": 0,
		"DynamicWaitAfterLift": "",
		"DynamicCureTime": "",
		"DynamicSpeed": "",
		"DynamicLift": "",
		"Depth": 0,
		"WaitBeforePrint": 0,
		"WaitAfterPrint": 0,
		"JumpHeight": 0,
		"JumpPerLayer": 0,
		"SupportTopWait": 0,
		"SupportWaitHeight": 0,
		"SupportLayerNumber": 0,
		"SupportCureTime": 0,
		"SupportDepth": 0,
		"SupportWaitBeforePrint": 0,
		"SupportWaitAfterPrint": 0,
		"LowQualityCureTime": 0,
		"LowQualitySkipPerLayer": 0,
		"XYRes": 47.07,
		"YRes": 47.07,
		"XYResPerc": 0,
		"ZResPerc": 0,
		"SupportOffset": 0,
		"Offset": 0,
		"FillColor": "",
		"BlankColor": "",
		"ShieldBeforeLayer": "",
		"ShieldAfterLayer": "",
		"PixelDiming": 0,
		"DimAmount": 0,
		"DimWall": 0,
		"DimSkip": 0,
		"HatchingType": 0,
		"HatchingWall": 0,
		"HatchingGap": 0,
		"HatchingOuterWall": 0,
		"HatchingTopCap": 0,
		"HatchingBottomCap": 0,
		"AntiAlias": 0,
		"AntiAlias3D": 0,
		"AntiAlias3DDistance": 0,
		"AntiAlias3DMin": 0,
		"MultiCureGap": 0,
		"ImageRotate": 0,
		"IgnoreMask": 0,
		"ShieldStart": "M107\r\nG90\r\nG28 F400 P1\r\n[[WaitForDoneMessage]]\r\nG92 Z0\r\n[[PositionSet 0]]\r\n; M17",
		"ShieldResume": "G90 ; Put positioning in absolute mode\r\nG92 Z[[CurrentPosition]] Y0 X0 ; System crashed so we need to recover current position from nanodlp and set it on RAMP\r\nG1 Z[[LayerPosition]] ; Move to layer position",
		"ShieldFinish": "M107\r\nG04 F30000\r\nG90\r\nG1 Z185 F300\r\nM84",
		"LaserCode": "",
		"Updated": 1605425281
	},
	{
		"ProfileID": 11,
		"Title": "015 Build Siraya Tech",
		"Desc": "50 micron layers copied from profile for BLU resin. This profile has been modified to work with the latest D7 firmware 1.0.2dev. Added dimming and slow section",
		"ResinPrice": 50,
		"ZStepWait": 400,
		"SlowSectionHeight": 0.25,
		"SlowSectionStepWait": 300,
		"TopWait": 1,
		"WaitHeight": 6,
		"CureTime": 7.5,
		"DynamicWaitAfterLift": "",
		"DynamicCureTime": "",
		"DynamicSpeed": "",
		"DynamicLift": "",
		"Depth": 50,
		"WaitBeforePrint": 1,
		"WaitAfterPrint": 1,
		"JumpHeight": 0,
		"JumpPerLayer": 0,
		"SupportTopWait": 1,
		"SupportWaitHeight": 6,
		"SupportLayerNumber": 5,
		"SupportCureTime": 60,
		"SupportDepth": 50,
		"SupportWaitBeforePrint": 3,
		"SupportWaitAfterPrint": 1,
		"LowQualityCureTime": 12.6,
		"LowQualitySkipPerLayer": 0,
		"XYRes": 0,
		"YRes": 0,
		"XYResPerc": 0,
		"ZResPerc": 0,
		"SupportOffset": -0.3,
		"Offset": 0,
		"FillColor": "#ffffff",
		"BlankColor": "#000000",
		"ShieldBeforeLayer": "G1 Z[[LayerPosition]] F[[ZSpeed]] P1 ; Move to layer position\r\n[[WaitForDoneMessage]]\r\n[[PositionSet [[LayerPosition]]]]",
		"ShieldAfterLayer": "G1 Z{[[LayerPosition]]+[[ZLiftDistance]]} F{[[ZSpeed]]/5} P1 ; Lift to wait position\r\n[[WaitForDoneMessage]]\r\n[[PositionSet [[LayerPosition]]]]",
		"PixelDiming": 1,
		"DimAmount": 20,
		"DimWall": 5,
		"DimSkip": 40,
		"HatchingType": 0,
		"HatchingWall": 0,
		"HatchingGap": 0,
		"HatchingOuterWall": 0,
		"HatchingTopCap": 0,
		"HatchingBottomCap": 0,
		"AntiAlias": 0,
		"AntiAlias3D": 1,
		"AntiAlias3DDistance": 0,
		"AntiAlias3DMin": 0,
		"MultiCureGap": 0,
		"ImageRotate": 0,
		"IgnoreMask": 0,
		"ShieldStart": "",
		"ShieldResume": "",
		"ShieldFinish": "",
		"LaserCode": "",
		"Updated": 1607422254
	},
	{
		"ProfileID": 12,
		"Title": "15 Build Red 35",
		"Desc": "35 micron layers clear resin. This profile has been modified to work with the latest D7 firmware 1.0.2dev",
		"ResinPrice": 0,
		"ZStepWait": 250,
		"SlowSectionHeight": 1.75,
		"SlowSectionStepWait": 150,
		"TopWait": 0,
		"WaitHeight": 6,
		"CureTime": 5,
		"DynamicWaitAfterLift": "",
		"DynamicCureTime": "",
		"DynamicSpeed": "",
		"DynamicLift": "",
		"Depth": 35,
		"WaitBeforePrint": 0,
		"WaitAfterPrint": 0,
		"JumpHeight": 0,
		"JumpPerLayer": 0,
		"SupportTopWait": 1,
		"SupportWaitHeight": 6,
		"SupportLayerNumber": 5,
		"SupportCureTime": 25,
		"SupportDepth": 35,
		"SupportWaitBeforePrint": 3,
		"SupportWaitAfterPrint": 1,
		"LowQualityCureTime": 12.6,
		"LowQualitySkipPerLayer": 0,
		"XYRes": 0,
		"YRes": 0,
		"XYResPerc": 0,
		"ZResPerc": 0,
		"SupportOffset": 0,
		"Offset": 0,
		"FillColor": "#ffffff",
		"BlankColor": "#000000",
		"ShieldBeforeLayer": "G1 Z[[LayerPosition]] F[[ZSpeed]] P1 ; Move to layer position\r\n[[WaitForDoneMessage]]\r\n[[PositionSet [[LayerPosition]]]]",
		"ShieldAfterLayer": "G1 Z{[[LayerPosition]]+[[ZLiftDistance]]} F{[[ZSpeed]]/5} P1 ; Lift to wait position\r\n[[WaitForDoneMessage]]\r\n[[PositionSet [[LayerPosition]]]]",
		"PixelDiming": 1,
		"DimAmount": 0,
		"DimWall": 0,
		"DimSkip": 0,
		"HatchingType": 0,
		"HatchingWall": 0,
		"HatchingGap": 0,
		"HatchingOuterWall": 0,
		"HatchingTopCap": 0,
		"HatchingBottomCap": 0,
		"AntiAlias": 0,
		"AntiAlias3D": 0,
		"AntiAlias3DDistance": 0,
		"AntiAlias3DMin": 0,
		"MultiCureGap": 0,
		"ImageRotate": 0,
		"IgnoreMask": 0,
		"ShieldStart": "",
		"ShieldResume": "",
		"ShieldFinish": "",
		"LaserCode": "",
		"Updated": 1606986596
	}
]